id,label,username,followers
142632679,celinecalvez,CÃ©line Calvez,15779.0
4714098677,DavidDhabib,David Habib,3980.0
862791076633083904,AnnaigLeMeur_29,AnnaÃ¯g Le Meur,4426.0
560299831,platombe,Philippe Latombe,4953.0
1446653228,GirardinEric,Ã‰ric GIRARDIN,4573.0
455602715,BrunoMillienne,Bruno Millienne,6580.0
131940062,SabrinaRoubache,Sabrina Agresti-Roubache,2581.0
986655792089661440,Kamardine_M,Mansour KAMARDINE - Officiel,2122.0
244026421,JimmyPahun,Jimmy Pahun,3188.0
76584619,damienabad,Damien Abad,35216.0
1906998314,JoelGiraud05,JoÃ«l Giraud,15788.0
862999383499042816,SandrineLeFeur,Sandrine Le Feur,8049.0
1525342745195315203,gernigon2022,FranÃ§ois Gernigon,377.0
137338942,VincentDescoeur,Vincent Descoeur,2169.0
3147407366,JF_Acquaviva,Jean-FÃ©lix Acquaviva,11146.0
1299738390,LMaillart,Laurence Maillart M,8777.0
1448914405861871649,muller49_muller,Serge Muller,61.0
582220122,AnneBrugnera,Anne Brugnera,5442.0
3805750755,yannickneuder,Yannick Neuder,1983.0
847384196074962944,lise_magnier,Lise Magnier,3157.0
550352602,BonnivardE,Bonnivard Emilie,3177.0
3060130660,isavalentin43,VALENTIN Isabelle,2414.0
374055885,guillaumegarot,Guillaume GAROT,22158.0
1319560178958815232,TaverneMichael,michael taverne,259.0
382747703,StTRAVERT,STEPHANE TRAVERT Avec Vous,20564.0
387147879,NicolasMetzdorf,Nicolas Metzdorf,1039.0
861666911872057348,beadescamps,BÃ©atrice Descamps,1641.0
616609800,christophe_p,Paul CHRISTOPHE,3801.0
1151540791,LaureLavalette,Laure Lavalette,11072.0
1359255073,RRebeyrotte,RÃ©my Rebeyrotte,1854.0
955882356472270848,VSpillebout,Violette Spillebout,6693.0
2846410672,MaximeMinot,Maxime Minot,7046.0
4103047462,claudia_rouaux,Claudia Rouaux,1596.0
1214161082597568512,leboucher_elise,Elise Leboucher,452.0
832508560546394112,hendrik_davi,Hendrik davi,2458.0
1911591212,StanGuerini,Stanislas Guerini,73854.0
1459094447753469964,Meurin_P,Pierre Meurin,991.0
110940366,bretonxavier,Xavier BRETON,9483.0
2890884760,ElisaMartinGre,Ã‰lisa Martin,2562.0
1230860822521532417,EmmanuelPeller1,Emmanuel Pellerin,771.0
1704410700,boumertitidir,Boumertit,224.0
1602986863,CABROLIER1,CABROLIER Frederic â“‚ï¸,1794.0
1527188940029149184,LRDehault,Laurence Robert-Dehault,95.0
1956909679,PaulVannierFI,Paul Vannier,21454.0
1491490325466124293,JustineGruet,JustineGruet,152.0
2493992654,STaillePolian,Sophie TaillÃ©-Polian,7753.0
570133214,AGenetet,Anne GENETET,10911.0
369978611,LeseulG,GÃ©rard Leseul,1445.0
759014652332249088,JocelynDessigny,JOCELYN DESSIGNY,261.0
4733398756,patrickhetzel,Patrick Hetzel,6223.0
1349674527219982336,KarineLebon,Karine Lebon,4653.0
773854656,NMeizonnet,Nicolas Meizonnet,8608.0
175335561,AlexVincendet,Alexandre VINCENDET,3518.0
866695760905154560,Bannier_G,GÃ©raldine Bannier,1515.0
1524370738643456002,CharlotteLeducV,Charlotte Leduc,1140.0
2968734303,BertrandBouyx,Bertrand Bouyx,4889.0
736579507923083264,MathildePARIS45,Mathilde PARIS,2406.0
447845263,fadila_khattabi,Fadila Khattabi,4161.0
311601642,ericcoquerel,Eric Coquerel,99519.0
47626354,jeromenury,JÃ©rÃ´me NURY,1986.0
1635233568,BrunoBilde,Bruno Bilde â“‚ï¸,13628.0
4838317882,diaz_edwige,Edwige Diaz â“‚ï¸,17793.0
1970541246,thibault_bazin,Thibault BAZIN,4593.0
507168683,AbadieCaroline,Abadie Caroline,6481.0
217749896,MLP_officiel,Marine Le Pen,2854913.0
870283676898271232,BenedictTaurine,BÃ©nÃ©dicte Taurine,17698.0
3063365597,LabaronneDaniel,Daniel Labaronne,6178.0
115715214,bruno_fuchs,Bruno Fuchs,6676.0
135158345,KlinkertBrigitt,Brigitte Klinkert,16651.0
110459051,marclefur,Marc Le Fur,14492.0
866042492180975616,Anne_Stambach,Anne Stambach,2931.0
326898456,Mel_Thomin,MÃ©l THOMIN,2167.0
1315334499077681153,MichleMartinez3,MichÃ¨le Martinez,311.0
541023150,jrcazeneuve,Jean-RenÃ© Cazeneuve,7004.0
106782026,MichelGuiniot,Michel GUINIOT,2290.0
345332120,Boccaletti83,FrÃ©dÃ©ric BOCCALETTI â“‚ï¸ ğŸ‡«ğŸ‡·,7508.0
1470168289926164488,Amiel_David_,David AMIEL,1937.0
1286307042014171137,NathalieSerre,Serre Nathalie,529.0
1522594536920334336,EmmanFernandes,Emmanuel Fernandes,1510.0
1527814081322917889,JohnnyHajjarMQ,Johnny Hajjar,56.0
60892586,MarionDepute41,MARION CHRISTOPHE,465.0
845025344600113152,CGrandjean54,Carole Grandjean,6236.0
142045242,juliedelpech72,Julie Delpech,956.0
865810478315995136,b_belhaddad,Belkhir Belhaddad,4287.0
985438173831618560,LopezLiguori,AurÃ©lien Lopez-Liguori,1672.0
436816838,C_deCourson,Charles de Courson,10634.0
865327854552264704,HubertOttAlsace,Hubert OTT,674.0
3313581408,frantzgumbs1,Frantz GUMBS,117.0
277091443,mguevenoux,Marie GuÃ©venoux,8623.0
538222712,S_Bourouaha,Soumya Bourouaha,714.0
1524323883880435712,AvecMichelSala,Michel Sala,638.0
1384491847129571335,AndreVilliers89,AndrÃ© VILLIERS,151.0
864547522588667909,BeatricePiron,BÃ©atrice Piron,8582.0
436780101,BertrandPancher,Bertrand Pancher,7865.0
800236538,antoine_armand,Antoine Armand,398.0
902788871460724740,FranceLorho,Marie-France Lorho,2304.0
2208536261,MIRALLESMP,Patricia MirallÃ¨s,7615.0
2188542098,slegrain75,Sarah Legrain,22616.0
789179329854869507,HeleneLaporteRN,HÃ©lÃ¨ne Laporte,26671.0
1134506407,MathieuMlefevre,Mathieu LefÃ¨vre,1253.0
38170599,dupontaignan,N. Dupont-Aignan,337443.0
3201069639,rvicot,RogerVicot,1772.0
970250112,ceciluntermaier,CÃ©cile Untermaier,4329.0
1538786373968314370,BarthesChristop,Christophe BarthÃ¨s,634.0
3832713568,N_Forissier,Nicolas Forissier,3411.0
1462873748403474436,GalzyStephanie,Galzy StÃ©phanie,797.0
1395420945955840010,AnnickCousin_RN,Annick Cousin,928.0
863039952401170433,_richardramos,Richard Ramos,3069.0
257078019,EmmanuelMandon,Emmanuel Mandon,793.0
884660403648831488,NathalieBassire,NATHALIE BASSIRE,1032.0
1013150310280388609,Christinedecod1,Christine decodts,7.0
789381772190416896,ElsaFaucillon,Elsa Faucillon,34052.0
2890748502,ChristellePetex,Christelle Petex,218.0
1526201039770341378,DanielGrenon89,Daniel GRENON,346.0
864397221533552642,JeanMarieFIEVET,Jean-Marie FiÃ©vet,4224.0
2308358192,MarieLebec78,Marie Lebec,24488.0
1283323346076282880,PNaillet,Philippe Naillet,718.0
83424512,hsaulignac,Herve Saulignac,5297.0
1030167852,BallardPhilippe,Philippe Ballard,13591.0
38005919,MickaelBouloux,MickaÃ«l Bouloux,1641.0
961643053181210624,DavyRimane,Davy Rimane,2095.0
4073986679,pacolombani,Paul-AndrÃ© Colombani,5307.0
864772781858279424,AudeLuquet77,Aude Luquet,2085.0
1015105716,charles_rodwell,Charles Rodwell,1164.0
1894149410,fmeunier19,FrÃ©dÃ©rique Meunier,609.0
472903732,Aurelientache,AurÃ©lien TachÃ©,34211.0
120728993,cplassard,Christophe PLASSARD - DÃ©putÃ© - Charente Maritime,475.0
1851724262,Meyer_Habib,Meyer Habib,20817.0
869559473442082816,arnaudlg89,Arnaud Le Gall - #NUPES #circo9509,2235.0
443129202,Valerie_Rabault,ValÃ©rie Rabault ğŸ‡¨ğŸ‡µğŸ‡ªğŸ‡ºğŸ‡ºğŸ‡¦,23297.0
865133923361312768,M_MeynierM,Marjolaine Meynier,5098.0
865071853982932993,A_Saintoul,AurÃ©lien Saintoul,2512.0
36350521,NicolasDragon,Nicolas DRAGON â“‚ï¸ğŸ‡«ğŸ‡·,1252.0
864595354578300928,PrudhommeLoic,LoÃ¯c Prud'homme,34732.0
450968514,Paul_Molac,Paul Molac,8686.0
865114227580784640,fdescrozaille,FrÃ©dÃ©ric Descrozaille,4993.0
1522200304896589824,chikirouparis,Sophia Chikirou,7257.0
26725581,JeromeGuedj,JÃ©rÃ´me Guedj,25185.0
1526227912222990336,FalconFrederic,Frederic Falcon â“‚ï¸,768.0
807901725113851904,stephanie_rist,StÃ©phanie Rist,7860.0
866236903066128384,NicoleDubre17,Nicole DubrÃ© Chirat,4917.0
1486082571565998082,ManonMeunier_UP,Manon Meunier,913.0
1429780352,S_Mazars,StÃ©phane Mazars,3275.0
974580536923623424,sebastiendelogu,SÃ©bastien Delogu,5910.0
842102300,ericalauzet,Ã‰ric Alauzet,4991.0
119695589,EmilieChandler,Emilie Chandler,1607.0
843748232,GillesLeGendre,Gilles Le Gendre,41810.0
209825928,GDarmanin,GÃ©rald DARMANIN,330980.0
863756233093894145,V_Riotton,VÃ©ronique Riotton,5916.0
278063562,olivierdussopt,Olivier Dussopt,46396.0
844476456164114432,VRolland73,Vincent Rolland,1600.0
1522927838420213761,KekeRachel,Rachel Keke,50058.0
2237993772,DelphLingemann,Delphine Lingemann,1062.0
1061362951720964096,pasclavergne,ğ—£ğ—®ğ˜€ğ—°ğ—®ğ—¹ ğ—Ÿğ—®ğ˜ƒğ—²ğ—¿ğ—´ğ—»ğ—²,1486.0
450644069,PotierDominique,Dominique Potier,10433.0
1191973610845560832,MC_Garin,Marie-Charlotte Garin,4243.0
143502161,PierreCazeneuve,Pierre Cazeneuve,2751.0
41844495,robinreda,Robin Reda,13920.0
1222799668150665216,ASabatou,Alexandre Sabatou â“‚ï¸,1191.0
402214102,laqhila,Mohamed Laqhila - DÃ©putÃ© des Bouches-du-RhÃ´ne,3746.0
912604842643816448,DeputeCausse,Lionel Causse,2976.0
3184011603,ChrisBapt,Christian Baptiste,1800.0
453492111,BSaintHuile,Benjamin Saint-Huile,1715.0
76123775,nthierry,Nicolas THIERRY,4550.0
865162242861535232,GrazieMelchior,Graziella Melchior,5306.0
416471806,vseitlinger,Vincent SEITLINGER,35.0
600345740,olivierveran,Olivier VÃ©ran,414587.0
1952505139,l_margueritte,Louis Margueritte,1178.0
1073862562792521729,Parmentiercaro7,Caroline Parmentier â“‚ï¸,10665.0
4842549479,ViryStephane,StÃ©phane VIRY,2602.0
768822092154466305,LaurenceCristol,Laurence Cristol,490.0
1539150269514137604,LauAlexandre12,Laurent Alexandre,978.0
422118715,BeaBellamy85,Beatrice Bellamy,1472.0
98735932,YoannGillet30,Yoann Gillet ğŸ‡«ğŸ‡·,10276.0
1516703761141534723,MichelHerbillon,Michel Herbillon,256.0
1257362284898287619,CASTORJeanVict1,CASTOR Jean-Victor,26.0
2250213234,B_Marchive,Bastien Marchive,1853.0
1522966362267734017,ChudeauR,Roger ChudeauğŸ‡¨ğŸ‡µDÃ©putÃ© RN #4102,596.0
2305186092,oliviermarleix,ğŸ‡«ğŸ‡· Olivier Marleix,12981.0
2953113070,olivier_serva,Olivier SERVA,4316.0
2279236686,CIsaacSibille,Cyrille IsaacSibille,2869.0
865135799293050880,CarolineJanvier,Caroline Janvier,8293.0
807531084678385665,eanthoine26,Emmanuelle Anthoine,1845.0
521360159,cfourniereelv,âœŒï¸ Charles Fournier 2022,4902.0
1169316872539578368,BilongoCarlos,Carlos Martens Bilongo,2459.0
1173524445169934336,MarchioMatthieu,Matthieu Marchio,1160.0
3360454371,A_Masson06,Alexandra Masson,4095.0
1434858376421388292,FerrerSylvie11,Ferrer Sylvie,250.0
66954824,MounirBelhamiti,Mounir Belhamiti,4542.0
4121844143,lauzzanamichel,Michel LauzzanağŸ‡ºğŸ‡¦,5348.0
4010340329,CSitzenstuhl,Charles Sitzenstuhl,3259.0
207187853,tgassilloud,Thomas Gassilloud,4397.0
1979469114,agnesfirmin,Agnes Firmin Le Bodo,13181.0
866255052104769538,bru_vincent,Vincent Bru,3057.0
818210180756336641,guillaumekasba,Guillaume Kasbarian,10903.0
1456335129731911684,Stephan1Rambaud,Rambaud Stephaneâ“‚ï¸,478.0
2863717025,alexIholroyd,Alexandre Holroyd,8921.0
522248478,ChrisLenabour,Christine Le Nabour,5179.0
106557131,JulienDive,Julien DIVE,8350.0
864248206514946048,VBazinMalgras,ValÃ©rie Bazin-Malgras,3279.0
1063004128211845120,FrankGiletti,Frank Giletti â“‚ï¸,1573.0
112103858,ALeaument,Antoine LÃ©aument ğŸ‡«ğŸ‡·,67199.0
22993455,K_Pfeffer,KÃ©vin Pfeffer â“‚ï¸ğŸ‡«ğŸ‡·,4898.0
2336493002,dmartindijon,Didier Martin ğŸ—,4679.0
1464671963121692672,gisele_lelouis,Lelouis GisÃ¨le,587.0
35712322,oliviagregoire,Olivia Gregoire,66326.0
2726621454,MarianneMaximi,Marianne Maximi,6308.0
2216269356,speytavie,Sebastien Peytavie,2723.0
16648630,yfavennec,Yannick FAVENNEC,9532.0
783245916581011456,TrouveAurelie,AurÃ©lie TrouvÃ©,41231.0
863834372125970432,BCouillard33,BÃ©rangÃ¨re Couillard,11402.0
2784005936,ljacobelli,Laurent Jacobelli â“‚ï¸,25052.0
864254888599068673,RixainMP,Marie-Pierre Rixain,12160.0
3165091415,sarah_tanzilli,Sarah Tanzilli,879.0
881933353435398145,BorisVallaud,Boris VALLAUD,30376.0
806865153472004097,Amelia_LKF,Amelia Lakrafi,7755.0
435623552,hub_laferriere,Hubert JULIEN-LAFERRIÃˆRE,7754.0
242739793,mapoussier,Marie-AgnÃ¨s Poussier,2907.0
85308962,LVichnievsky,Laurence Vichnievsky,4352.0
625048595,MariePochon,Marie Pochon,8221.0
993455378020098049,jean_ardouin,Jean-Philippe Ardouin,1465.0
560628457,Elisabeth_Borne,Ã‰lisabeth BORNE,186266.0
864215726269378561,RaphaelGerard17,RaphaÃ«l GÃ©rard,6122.0
461022437,sebastienjumel,SÃ©bastien Jumel,19918.0
2433624242,SabineThillaye,Sabine Thillaye,6335.0
783216646299193344,JJ_Gaultier,JJ Gaultier,1847.0
116402625,benjaminhaddad,Benjamin Haddad ğŸ‡«ğŸ‡· ğŸ‡ªğŸ‡º ğŸ‡ºğŸ‡¦,51127.0
1318495091280039936,ChantalJourdan,Chantal JOURDAN,570.0
1087190322,NathalieOziol,Nathalie Oziol,4247.0
1528368379433824256,lovisolo2022,Jean FranÃ§ois Lovisolo,236.0
4830710909,Lysiane_Metayer,Lysiane MÃ©tayer #avecvous,666.0
814331851070382080,J_M_Jacques,Jean-Michel JACQUES,5148.0
421758433,xavieralbertini,Xavier Albertini,3088.0
973912029504425985,BordesAvocat,Pascale Bordes avocat,12.0
1384525775718727682,SDelautrette,StÃ©phane DELAUTRETTE,520.0
1890087739,josypoueyto,Josy Poueyto,2827.0
913087858679930880,DeputeRatenon,Jean-Hugues Ratenon,6456.0
2248616800,damienmaudt,Damien Maudet,4671.0
863134711715180544,MARSAUDSandra,Sandra Marsaud,6619.0
738724327059656705,HenrietPierre,Pierre Henriet,3908.0
1855097904,AurelienPradie,AurÃ©lien PradiÃ©,19894.0
1255991936,PA_Anglade,Pieyre-Alexandre Anglade,16605.0
266215308,alexiscorbiere,Alexis CorbiÃ¨re,150362.0
862952634164154368,JeanPierrePont,Jean-Pierre PONT,5993.0
889759349450604544,Cecile_Rilhac,CÃ©cile RILHAC,5633.0
2712326416,JAviragnet,JoÃ«l Aviragnet,2931.0
869538181158498308,YHaury44,Yannick Haury,4101.0
110988733,dbrulebois,Danielle Brulebois,2668.0
298426715,p_brun,Philippe Brun,2251.0
4309055487,SophieMette1,Mette Sophie,1604.0
1140343519674023937,FMPasquini,Francesca Pasquini - DÃ©putÃ©e,1361.0
1897666344,veroniquebesse,VÃ©ronique Besse,3188.0
382178094,Inakiechaniz,IÃ±aki Echaniz,1213.0
606371561,MFesneau,Marc Fesneau,26959.0
1518571718553571328,WilliamJiovanny,Jiovanny William LÃ©gislatives 2022,195.0
1467595663890436103,LionelVuibert,VUIBERT Lionel,287.0
233889326,FelicieGerard,FÃ©licie GERARD,1541.0
865286612837650432,NicoleLePeih,Nicole Le Peih,5546.0
285185441,SebRome,SÃ©bastien Rome,2414.0
464437513,VincentThiebaut,Vincent ThiÃ©baut,5720.0
1070414962437296133,villedieu_a,Antoine Villedieu,1065.0
866081129048223746,lecocqcharlotte,Charlotte Parmentier Lecocq,6066.0
841988928802570240,AnneCecileVio,Anne-CÃ©cile Violland,121.0
532293856,AndreChassaigne,AndrÃ© Chassaigne,16251.0
3311828213,EFolest,Estelle Folest,1487.0
1524389721094381569,GuyBricout,Guy Bricout,113.0
790535381062152192,LisettePollet,Lisette Pollet â“‚ï¸ ğŸ‡«ğŸ‡·,1250.0
1526954669473419265,MickaelCosson22,MickaÃ«l Cosson,0.0
118061183,LeVigoureuxF,Fabrice Le Vigoureux,1553.0
3165960813,C_Dintorni,Christelle D'intorni,3841.0
493833484,sebchenu,SÃ©bastien Chenu,40057.0
87886754,ECiotti,Eric Ciotti,237029.0
531116314,steve_parakao,Steve CHAILLOUX,18.0
371381075,sandrousseau,Sandrine Rousseau,87524.0
864238987669643265,StephaneBuchou,StÃ©phane Buchou,4816.0
458305330,ChristopheBex,Christophe Bex,4936.0
829686286097211392,DinoCinieri,Dino Cinieri,4782.0
742259173866508288,p_pradal,Philippe Pradal,4045.0
427246481,GuiraudInd,David Guiraud,104525.0
1533186142581006337,KarenErodi,Karen Erodi - DÃ©putÃ©e 2e circonscription du Tarn,966.0
72705507,fredvalletoux,FrÃ©dÃ©ric Valletoux,12375.0
880849230,XavierRoseren,Xavier Roseren,3637.0
2380233572,pdharreville,Pierre DharrÃ©ville,5642.0
303112391,stephane1peu,Stephane Peu,11940.0
1524390754486996992,LegavreJerome,JÃ©rÃ´me Legavre ğŸ¢,2085.0
995646114396364808,JF_Rousset2,Jean-FranÃ§ois Rousset,211.0
1186673785,isasantiago_94,Isabelle Santiago,3409.0
745992482387812352,christoblanchet,Christophe Blanchet,5725.0
862190399938539520,BrunoStuder67,Bruno Studer,8839.0
372703035,MoniqueIborra,Monique Iborra,6939.0
2261699515,pierrickbrtlo,Pierrick Berteloot,1105.0
254576489,AndyKerbrat2022,Andy KerbratğŸ”»,4301.0
773993798,jfportarrieu,Jean-FranÃ§ois Portarrieu,3107.0
1189104433,MKaramanli72,Marietta Karamanli,4375.0
1270648130,arenasrodrigo_,Rodrigo Arenas,4602.0
16787206,sandraregol,Sandra Regol ğŸŒ»ğŸ‡ºğŸ‡¦,20186.0
338910451,ConstanceLeGrip,Constance Le Grip,13087.0
339155330,G_GouffierCha,Guillaume Gouffier,7545.0
1395290257331994626,MathieuFrdric,FrÃ©dÃ©ric MATHIEU,1644.0
300775504,david_valence,David Valence,4688.0
367809982,JPIerre_Taite,Taite Jean-Pierre,2437.0
91376641,sarahelhairy,Sarah EL HAÃRY,33463.0
818371524214329345,alma_dufour,Alma Dufour âœŒ,15937.0
863155122041483264,brigitte_liso,Brigitte Liso,4892.0
1410346277540335616,Sylv20CARRIERE,CARRIERE Sylvain,2299.0
328510700,StephaneVojetta,StÃ©phane Vojetta,4646.0
862754226589577216,XavierBatut,Xavier Batut,7607.0
120521019,alexisjollyrn,Alexis Jolly ğŸ‡«ğŸ‡·â“‚ï¸,3241.0
17137760,erwanbalanant,Erwan Balanant,5847.0
1520920839604080644,LeoWalter04,LÃ©o Walter,1584.0
1605436740,ThierryBenoit35,Thierry BENOIT,3704.0
858041350494793728,Deputee_Obono,DÃ©putÃ©e Obono,92499.0
486927132,IanBoucard,Ian Boucard,4712.0
436939817,SabrinaSebaihi,Sabrina Sebaihi,3444.0
389644606,YaelBRAUNPIVET,YaÃ«l BRAUN-PIVET,34866.0
360530166,romaindaubie,Romain DaubiÃ©,597.0
793725741355630592,denis_Masseglia,Denis MassÃ©glia,7191.0
365505352,VigierPhilippe,Philippe Vigier,12113.0
493628470,EmericSalmon,Emeric Salmon â“‚ï¸ğŸ‡«ğŸ‡·,3898.0
980242016,PatrickVignal,Patrick Vignal,9132.0
440914834,JulienOdoul,Julien ODOUL,48351.0
1522865560987574272,PhilippeFait22,Philippe Fait,121.0
326680674,Benjam1Lucas,Benjamin LUCAS,19639.0
1603776488,FraPiquemal,FranÃ§ois Piquemal,4925.0
213754264,faureolivier,Olivier Faure,91816.0
37509285,auroreberge,Aurore BergÃ©,81419.0
1354822700548509704,LamiraultLuc,Luc Lamirault,533.0
3018288268,ALehenanff,Anne Le HÃ©nanff,2076.0
1525806145310445568,thierry_frappe,Thierry FrappÃ©,286.0
1324449588,Fabien_Roussel,Fabien Roussel,79594.0
86740782,LMarcangeli,Laurent Marcangeli,11702.0
489348571,_EvaSas,Eva SAS,11363.0
38188152,iordanoff,JÃ©rÃ©mie Iordanoff,2763.0
864560136974737408,ClairePitollat,Claire Pitollat,7864.0
801822323825410049,Francois_Ruffin,FranÃ§ois Ruffin,324938.0
93939435,BentzChristophe,Christophe Bentz,1828.0
384713598,EYoussouffa,estelle Youssouffa,1116.0
2822339036,AstridPanosyan,Astrid Panosyan-Bouvet,10748.0
802997806252388352,LoicKervran18,Loic Kervran,4107.0
903517622,Moetai1,Moetai Brotherson,1110.0
1071906997,VictorCatteau,â˜° Victor Catteau,5914.0
1414879766201700352,HubertWulfranc,WULFRANC Hubert,1192.0
863333535066836993,PBertaGard,Philippe Berta,6386.0
536485159,OlivierFalorni,Olivier Falorni,6885.0
454336881,barbarapompili,Barbara Pompili,100250.0
955565682,davidtaupiac,David TAUPIAC,806.0
308514268,SachaHoulie,Sacha HouliÃ©,37072.0
926414640946581505,l_saintpaul,Laetitia Saint-Paul,2419.0
830432207231647744,RoyerPerreaut,Lionel Royer-Perreaut,2724.0
514546669,MTabarot,MichÃ¨le Tabarot,6816.0
245747441,florent_boudie,Florent BoudiÃ©,6459.0
864116167841116160,npouzyreff78,Natalia Pouzyreff,8809.0
1140962599250661376,sandrinejossoan,Sandrine JOSSOğŸğŸŒ,1819.0
757825981310574592,Alexis_IZARD,Alexis Izard,3657.0
471076259,CLAPOTMireille,Mireille Clapot,8675.0
938533192142872577,PascaleBoyerEM,Pascale Boyer,1505.0
883251500138598400,emenard34,Emmanuelle MÃ©nard,9467.0
73632751,g_vuilletet,Guillaume Vuilletet,4600.0
197492504,RaquelGarridoFr,Raquel Garrido,85142.0
564469898,FaureDominique,Dominique Faure,2682.0
14830116,julienbayou,Julien Bayou,69922.0
904677286670151680,l_boyard,Louis Boyard,41155.0
302693733,gdarrieussecq,GeneviÃ¨ve Darrieussecq,37212.0
912024416271392769,dep_cubertafon,Jean-Pierre Cubertafon,1429.0
802848743045402624,emmanuel_maquet,Emmanuel Maquet,2384.0
47118854,KARLOLIVE,KARL OLIVE,30179.0
3023497329,AQuatennens,Adrien Quatennens,240819.0
365241641,T_Houssin,TimothÃ©e Houssin,3144.0
94168587,warsmann,Jean-Luc Warsmann,3487.0
861853257559420928,AlainDavid_AN,Alain David,2061.0
1361757044857012225,IsabellePERIGA2,Isabelle PERIGAULT,303.0
1520810858246512640,ErsiliaSoudais,Ersilia SoudaisğŸ¢âœŒ,1513.0
857607035252297729,Sandrine_Dogor,Sandrine Dogor Such â“‚ï¸ ğŸ‡«ğŸ‡·,294.0
3137717312,stelladupont,Stella DUPONT,4817.0
877870481856233472,K_BenCheikh,Karim Ben Cheikh,2180.0
866911134837862400,MaudPetit_AN94,Maud Petit,4231.0
938843677,cpiresbeaune,Ch. PirÃ¨s Beaune,6472.0
1180615972597764096,BaubryR,Baubry romain,415.0
864560669814816771,JCLarsonneur,Jean-Charles Larsonneur,5403.0
89169913,AnneLaureBlin,Anne-Laure Blin,4252.0
29785629,ArthurDelaporte,Arthur Delaporte,2362.0
263572557,delphinebatho,Delphine Batho,83492.0
891005764097191938,naegelenchris,Christophe Naegelen,1381.0
864095016943308800,JeanTerlier,Jean Terlier,8536.0
198646864,HadrienGhomi,Hadrien Ghomi,2397.0
755737508,didierlegac,LE GAC Didier,5451.0
985802003149402113,jp_mattei,Jean-Paul MatteÃ¯,2076.0
1528573939991068675,ElieCalifer2022,Elie Califer,311.0
406978622,franckriester,Franck Riester,79138.0
4067518516,J_Rancoule,Julien Rancoule â“‚ï¸,2173.0
1341729894,TMesnier,Thomas Mesnier,21281.0
998156310,JL_Thieriot,Jean-Louis ThiÃ©riot,6941.0
1340622409997684738,sorre_depute,SORRE Bertrand dÃ©putÃ© de la Manche,467.0
410184399,Clemence_Guette,ClÃ©mence GuettÃ©,70881.0
293620822,MassonBryan,Bryan Masson â“‚ï¸,6382.0
983695865612251136,J_Corneloup,Josiane Corneloup,705.0
864488046355517440,CorinneVignon,Corinne Vignon,5759.0
144631870,gabrielamard,gabriel Amard,12334.0
432344397,bordatbenoit,BenoÃ®t Bordat,3295.0
2529855122,CORDIERPierre08,Pierre CORDIER,4143.0
107393186,elodiejala,Elodie Jacquier-Laforge,3045.0
1393851805034061824,KelouaF,Fatiha Keloua-Hachi,973.0
1367963766613237762,Didier_Lemaire_,Lemaire Didier,173.0
4481882014,HadrienClouet,Hadrien Clouet,4742.0
1100772609321512961,Ph_Schreck,SCHRECK Philippe,169.0
2773395753,NicolasSansu,Sansu Nicolas,1986.0
28214411,phdumont,Pierre-Henri Dumont,14722.0
1503063255316631553,JPatrierLeitus,JÃ©rÃ©mie Patrier-Leitus,520.0
864077786209812480,BenjaminDirx,Benjamin Dirx,5369.0
127883278,MartinAlex06,Alexandra Martin,3890.0
967709351359246337,BeneAuzanot,BÃ©nÃ©dicte Auzanot ğŸ‡«ğŸ‡·,1042.0
1525735014847086592,MartineETIENNE6,Martine ETIENNE,92.0
1487084725521063936,BlairyEmmanuel,Emmanuel Blairy â“‚ï¸,2085.0
2909481429,JLechanteux,â“‚ï¸ Julie Lechanteux,14796.0
138810824,franckallisio,Franck Allisio,35492.0
42256235,FCBDeputeduCher,FranÃ§ois Cormier-Bouligeon,5813.0
389044213,Nicolas_Pacquot,Nicolas Pacquot ğŸ‡«ğŸ‡·ğŸ‡ªğŸ‡º,724.0
111266206,RSCactu,RaphaÃ«l Schellenberger,3382.0
864844727828582400,TurquoisNicolas,Nicolas Turquois,2921.0
2583539802,priscathevenot,Prisca THEVENOT,36287.0
865482011523166209,jnbarrot,Jean-NoÃ«l Barrot,9008.0
373425238,antoinevermorel,Antoine Vermorel-Marques,3863.0
2656608996,FerracciMarc,Marc Ferracci,11083.0
329686497,SimonnetDeputee,Danielle Simonnet,59064.0
1522124826043088896,jfcoulomme,Jean-FranÃ§ois Coulomme,1888.0
288854464,JphTanguy,Jean Philippe Tanguy â“‚ï¸,12714.0
574566042,lilianatanguy,Liliana TANGUY,2634.0
550876474,laernoes,Julie Laernoes,5316.0
1190742973845295105,abomangoli,NadÃ¨ge Abomangoli,3302.0
491343921,Clem_Autain,ClÃ©mentine Autain,174995.0
2164568108,Lionel_Tivoli,Lionel Tivoli,5555.0
1238476209291476993,GrangierGe,GÃ©raldine GRANGIER â“‚ï¸,1440.0
1524514485196795904,MHignet,Mathilde Hignet,1977.0
178485109,EPoulliat,Eric POULLIAT,3593.0
863331688390250497,jeanmarctellier,Jean-Marc Tellier,980.0
1090311673985056770,midy_paul,Paul Midy,4233.0
122155194,jmzulesi,Jean-Marc Zulesi,9075.0
250323361,mbompard,Manuel Bompard,90799.0
714829913619099648,CaronAymericoff,Aymeric Caron,62891.0
802991763476594688,MichelePeyron,MichÃ¨le PEYRON,6652.0
1500129657777176576,NicolasRay03,Nicolas RAY,307.0
863369274974511104,MaximeLaisneyFi,Maxime Laisney,2880.0
293491298,BenoitMournet,Benoit Mournet,507.0
248291986,qbataillon,Quentin Bataillon,2362.0
17747931,maudgatel,Maud Gatel,4611.0
560346582,Thomas_Mng,Thomas MÃ©nagÃ©,3879.0
3028135792,jlbricout,Jean-Louis Bricout,3804.0
770957104152768512,EricPAUGET1,Eric PAUGET,5415.0
2157820581,phbolo,Philippe Bolo,3963.0
3130755833,AnnieGenevard,Annie Genevard,17413.0
836693613430046724,Jose_GonzalezFN,JosÃ© GONZALEZ,707.0
1523637350089248768,CaroitEleonore,Eleonore Caroit,563.0
1441120513296764932,TaurinyaA,AndrÃ©e Taurinya,70.0
390156878,ericwoerth,Eric Woerth ğŸ‡«ğŸ‡·ğŸ‡ºğŸ‡¦,64301.0
110940220,MORELPIERRE,MOREL A L'HUISSIER,4283.0
1453357110255931399,JorysB3,Jorys Bovetâ“‚ï¸,237.0
1496184473439899657,angelique_ranc,Angelique Ranc,394.0
1303630016341856263,LouiseMorel11,Louise Morel,319.0
864199451375751168,Vidal7602,Annie Vidal,6761.0
391919054,CBeaune,Clement Beaune,90228.0
2393776901,gdefournas,GrÃ©goire de FOURNAS,4020.0
898253869,MauvieuxKevin,Kevin MAUVIEUX â“‚ï¸,369.0
911178226533388288,SoPanonacle,Sophie Panonacle,3380.0
582980672,MaxMathiasin,Mathiasin,1501.0
1035417716730023936,_DidierParis,Didier Paris,7152.0
2383844606,Portes_Thomas,Thomas Portes,76182.0
881156720155930624,FabienDiFilippo,Fabien DI FILIPPO,10559.0
125094848,Bkk01,JÃ©rÃ´me Buisson,1778.0
1397542849122553859,CColombier_RN,Caroline Colombier â“‚ï¸,1037.0
810591493597630464,Jean_LucFUGIT,Jean-Luc FUGIT,5846.0
2370188558,MathildePanot,Mathilde Panot,125970.0
11911322,philippejuvin,ğŸ‡«ğŸ‡· ğŸ‡ªğŸ‡º Pr Philippe Juvin MD PhD,41438.0
247895631,LachaudB,Bastien Lachaud,50119.0
3906442118,J_PVigier,Jean-Pierre Vigier,2308.0
862575147085164544,fpetitAN,FrÃ©dÃ©ric Petit ğŸ‡ºğŸ‡¦ CÅ“ur de l'Europe,8764.0
290794764,ROULLAUDBEATRIC,ROULLAUD,1793.0
225481358,WilliamMartinet,William Martinet,10952.0
1392541045074841605,SegoleneAmiot,SÃ©golÃ¨ne AMIOT Ï† ğŸ”»ğŸğŸ³ï¸â€ğŸŒˆğŸŒ¿ğŸ¢ğŸ†™ï¸,2983.0
708604271701434368,HerveBerville,HervÃ© Berville,8487.0
832246158391144448,CarolineFiat54,Caroline FIAT,42757.0
1019559283774644224,becht_olivier,Olivier Becht,2574.0
278860388,EMericmartineau,eric martineau,152.0
892467069685555201,MaudBregeon,Maud BREGEON,31933.0
1464694779078393861,BrosseAnthony,Anthony Brosse,129.0
549319211,SophieErrante,Sophie Errante,6310.0
347374931,trudigoz,Thomas Rudigoz,5436.0
1227623274185662464,PierreVatinOff,Pierre VATIN,582.0
1400875647178788865,BabaultAlaure17,Anne-laure Babault 17 #avecvous,246.0
4055897896,OlgaGivernet,Olga Givernet,7636.0
2233497227,sblanc66000,Sophie BLANC,4500.0
1461639594521378818,YaelMenache,YaÃ«l Menache,1098.0
970259667434770437,phlottiaux,Ph Lottiaux,1917.0
863040275710697473,Farida_Amrani_,Farida Amrani,8406.0
828000112215355393,RolandLescure,Roland Lescure,30404.0
282119887,SylvainMaillard,ğŸ‡¨ğŸ‡µğŸ‡ªğŸ‡º Sylvain Maillard,32773.0
801121064357085184,J_Maquet2022,Jacqueline Maquet 2022,2818.0
1269017425204428808,PicAnna3,Pic Anna,978.0
15243103,damienadam76,Damien ADAM,4854.0
529798328,Castellani_,Michel Castellani,8498.0
1386765241414045702,chenevard2022,Yannick Chenevard 2022,197.0
724577257,VeroLouwagie,VÃ©ronique Louwagie,4406.0
440335305,JeanClaudeRaux,Jean-Claude RauxâœŒï¸,755.0
859500950620385282,FJolivet36,FranÃ§ois Jolivet,13455.0
1160270849871613953,marine_hamelet,Marine Hamelet,1669.0
4040684915,YannickMonnet3,Yannick Monnet,760.0
3940110196,Huguette_Tiegna,Huguette Tiegna,4465.0
1910799300,plecamp,Pascal Lecamp,102.0
69870071,fabiennecolboc,Fabienne COLBOC,6105.0
551715389,ChArrighi,Christine Arrighi,1872.0
2362654915,JoelleMelinRN,JoÃ«lle MÃ©lin,6738.0
837694453250936837,DDaSilva95,Dominique da Silva,7870.0
864160956070469633,JLBourlanges,Jean-Louis Bourlanges,7619.0
864926925734772736,NadiaHAI78,Nadia HAI,21954.0
1471984978183528450,FlorenceGoulet4,Florence Goulet â“‚ï¸,340.0
935221976049815552,T_Cazenave,Thomas Cazenave,5176.0
865209415628140544,NaimaMoutchou,NaÃ¯ma Moutchou,17018.0
2999458558,FabriceBrun,Fabrice Brun,2613.0
317420284,IsabelleRauch,Isabelle Rauch,1964.0
294130753,ludovicMDS,Ludovic MENDES,5050.0
531550143,DubyMuller,Virginie Duby-Muller,19414.0
380373029,phgosselin,Philippe GOSSELIN,16952.0
162094209,ebothorel,eric bothorel,12922.0
2269369240,perrinegoulet,Perrine Goulet,7493.0
1159815717811867649,BeaurainJose,JosÃ© BEAURAIN,314.0
152382594,Ugobernalicis,Ugo Bernalicis Ï†,53808.0
1503229705,HdeLepinau,HervÃ© de LÃ©pinau Ù†,4034.0
743100055519952896,LisaBelluco,Lisa Belluco âœŒï¸,1877.0
782118072,AlexandreLoubet,Alexandre Loubet,6089.0
1518455809096695808,frdric_maillot,FrÃ©dÃ©ric Maillot,730.0
1334893514,CroizierLaurent,Laurent Croizier,1546.0
379718466,GabrielAttal,Gabriel Attal,132998.0
51018189,asfrigout,Anne-Sophie Frigout â“‚ï¸,3178.0
1536211244553670656,DunoyerPhilippe,Philippe DUNOYER,5.0
973480421148291072,BattistelMarie,BATTISTEL Marie Noelle,1361.0
156032740,BBrocard,Blandine Brocard,4790.0
1415195768,al_petel,Anne-Laurence Petel,10973.0
387606019,MatthiasTavel,Matthias Tavel,6196.0
1318978447,jordan_guitton,Jordan Guitton â“‚ï¸,1451.0
1512736208954273795,PascaleMartin24,Pascale Martin,527.0
